model,category,datasets,windows,MAPE,MAE,RMSE,NMAE
chronos,sequential,8,800,10899.37472698072,7.0690242989488965,8.588400002255145,-57.94743581932606
chronos,synthetic,6,600,785.5980805003907,1.9925734205646346,2.2853007109621264,-1.1721040866624355
chronos,traditional,70,2459,279.7205686591622,133796663.29429975,159201153.54840305,0.6152465592136064
chronos,collections,2,200,178.43014605318118,426.18703269400163,899.207121087467,1.211365267105764
